order_id,product,quantity_ordered,price_each,order_date,purchase_address_city,purchase_address_country
OP89504310,HDD,3.32,61.03,12/12/2023,Chicago,United States
IP83558271,Keyboard,4.35,66.18,07/21/2024,Berlin,Germany
FW46738968,Case,8.36,308.57,07/15/2024,Mobile,United States
HJ32275080,SSD,9.31,135.44,02/14/2024,Wilmington,United States
XC48442442,Wireless Adapter,1.89,339.28,07/03/2024,Dillenburg,Germany
XA53374264,Power Supply,9.23,,07/12/2024,Carson City,United States
YA03838812,Motherboard,4.53,183.58,11/20/2023,Oklahoma City,United States
TJ99372180,Microphone,5.16,22.38,12/25/2023,San Jose,United States
HW73990535,Cooling Fan,2.73,123.03,04/29/2024,Dresden,Germany
CD90844685,Power Supply,1.54,21.14,04/08/2024,Pittsburgh,United States
UD28096133,Power Supply,6.77,146.25,10/28/2023,Denton,United States
IE89239336,Webcam,7.56,197.89,12/16/2023,Sacramento,United States
TU75797001,Mouse,4.05,199.56,10/11/2024,Rochester,United States
UL08121752,CD/DVD Drive,6.42,311.57,03/22/2024,Richmond,
ZK36949616,Cooling Fan,9.97,42.96,01/04/2024,Dresden,Germany
IE10422338,Cooling Fan,7.31,159.96,01/11/2024,Kingston,United Kingdom
WX43108772,Cooling Fan,6.72,204.35,02/05/2024,Orlando,United States
PI34765646,Wireless Adapter,4.39,317.37,06/16/2024,Hamburg,Germany
FS02730413,Keyboard,7.75,206.67,08/26/2024,,United States
BC15177635,Microphone,3.34,62.78,01/05/2024,Oakland,United States
AK79299107,USB Hub,2.6,132.19,10/16/2024,Manassas,United States
ZZ76664245,GPU,1.78,21.7,12/24/2023,Phoenix,United States
JC68623400,Power Supply,3.64,93.52,06/09/2024,Fresno,United States
IU25574228,External Hard Drive,9.59,284.32,05/29/2024,Charleston,United States
WV69137784,Monitor,3.98,36.79,05/16/2024,Frankfurt am Main,Germany
BY55038544,GPU,6.58,318.42,07/10/2024,Charleston,United States
TP65384752,Power Supply,2.29,342.16,10/26/2023,San Jose,United States
NG46302674,Power Supply,6.9,245.41,12/16/2023,Richmond,United States
SM58577619,Cooling Fan,1.37,243.24,07/14/2024,El Paso,United States
IC75598284,External Hard Drive,3.26,197.35,01/13/2024,Leipzig,
XR55994467,USB Hub,9.27,202.72,07/03/2024,Naperville,United States
VS85904880,Webcam,4.01,250.81,04/13/2024,Seminole,United States
MP28008467,Keyboard,4.24,159.53,04/23/2024,San Antonio,United States
WC75875214,GPU,7.94,348.76,05/22/2024,San Bernardino,United States
HG49014124,USB Hub,5.74,280.36,04/27/2024,South Bend,United States
RE98486513,Cooling Fan,7.56,,11/29/2023,Springfield,United States
IN45689490,Mouse,9.78,71.44,11/30/2023,Tampa,United States
QQ47503533,Cooling Fan,9.3,168.1,05/10/2024,Waterbury,United States
EJ11750408,USB Hub,1.85,206.03,07/30/2024,Hollywood,United States
QQ10083999,USB Hub,2.69,220.02,09/01/2024,New Orleans,United States
GM36819172,GPU,7.89,79.03,08/01/2024,,United States
KD23132907,Headset,7.75,394.11,11/29/2023,Brampton,United Kingdom
JR61185386,Keyboard,1.66,46.76,06/09/2024,Honolulu,United States
BR15109976,SSD,3.97,268.8,05/05/2024,Cheyenne,United States
ZN33330076,SSD,2.65,370.1,03/31/2024,Las Vegas,United States
RK97957183,External Hard Drive,8.94,297.18,06/22/2024,Gelsenkirchen,Germany
NF29255595,Wireless Adapter,4.58,104.95,11/19/2023,Atlanta,United States
UO25636984,Case,8.21,57.5,01/21/2024,Richmond,United States
EM56580908,External Hard Drive,7.23,154.6,07/21/2024,,United States
TL88153465,USB Hub,2.43,56.45,05/25/2024,Louisville,United States
IH23816153,External Hard Drive,4.6,348.6,07/29/2024,Rockford,United States
NO48570126,Keyboard,4.04,143.41,06/07/2024,Portland,United States
KU25782857,Case,4.05,184.78,05/10/2024,Monroe,United States
HM05184508,Motherboard,5.92,,11/29/2023,Fort Lauderdale,United States
ZS25605422,External Hard Drive,7.01,,11/18/2023,Indianapolis,United States
XX13574608,Power Supply,9.11,122.04,08/29/2024,Biloxi,United States
BA94545794,HDD,7.24,75.45,01/13/2024,Reston,United States
AA28426198,Motherboard,2.94,159.46,01/27/2024,Evansville,United States
WO21916092,Monitor,2.56,399.58,02/09/2024,Duisburg,Germany
UE86505353,Webcam,4.42,313.41,11/25/2023,Cleveland,United States
GL71513665,Wireless Adapter,9.56,70.61,07/28/2024,San Diego,United States
OB75733678,Headset,3.24,313.06,10/12/2024,Los Angeles,
CP27830737,Monitor,4.04,334.68,11/30/2023,Newark,United States
EF38683566,Mouse,2.42,321.73,07/16/2024,Kissimmee,United States
FV27074671,CD/DVD Drive,8.36,,11/18/2023,,Germany
UW25733737,Ethernet Cable,4.25,42.34,02/08/2024,Los Angeles,United States
NZ30586714,RAM,4.99,46.18,08/13/2024,New York City,United States
TX52891970,Microphone,2.32,299.31,05/21/2024,,United States
UF20982795,Ethernet Cable,3.88,132.02,02/12/2024,Tulsa,United States
KJ82536312,Power Supply,7.46,315.77,01/30/2024,Denton,
IQ64333419,Microphone,1.19,27.64,07/19/2024,Hamburg Winterhude,Germany
YI13997209,Wireless Adapter,4.86,386.04,12/22/2023,Normanton,United Kingdom
TC61726657,External Hard Drive,9.8,229.01,04/30/2024,Las Cruces,United States
ES46177150,Motherboard,7.46,341.08,08/29/2024,Jacksonville,United States
KH61607320,CPU,2.71,392.51,09/20/2024,Beaverton,United States
YD33005625,Wireless Adapter,1.55,287.2,06/21/2024,Tampa,United States
GK48859615,SSD,5.2,136.06,01/12/2024,Farmington,United States
MU46260652,Keyboard,9.38,,05/18/2024,Charleston,United States
AH00805001,Case,6.67,214.05,04/20/2024,Hamburg Harvestehude,Germany
OQ52980196,GPU,1.13,327.43,06/04/2024,New York City,United States
UY21155148,SSD,8.17,279.55,09/25/2024,Charlotte,United States
QC82326328,USB Hub,9.26,233.87,01/09/2024,Des Moines,United States
GZ76964740,Motherboard,7.31,130.81,10/05/2024,Kiel,Germany
NQ95366479,GPU,6.84,328.27,08/31/2024,Orlando,United States
MR42797787,External Hard Drive,5.97,211.63,06/09/2024,Houston,United States
YW55143290,GPU,7.24,224.47,08/20/2024,Louisville,United States
VZ49744893,Monitor,9.8,117.85,09/14/2024,,United States
ZZ62778154,GPU,6.77,155.69,06/28/2024,Washington,United States
IC37909735,CD/DVD Drive,2.17,208.99,09/28/2024,Jackson,United States
PT98463981,Case,6.47,341.13,02/04/2024,Saginaw,United States
PY41629493,RAM,3.23,328.22,08/13/2024,Freiburg im Breisgau,Germany
QF28798042,CPU,4.93,221.25,12/23/2023,Monroe,United States
DZ05484765,Ethernet Cable,2.38,201.65,03/27/2024,Charlotte,United States
KA27793013,RAM,5.22,379.14,10/06/2024,San Jose,United States
RF72796589,SSD,6.19,336.82,09/30/2024,Evansville,United States
DV80598846,GPU,8.27,263.13,10/31/2023,Dallas,United States
DG58444317,Headset,3.85,325.36,07/16/2024,Long Beach,United States
MK91357831,CD/DVD Drive,5.77,158.45,09/16/2024,Canton,United States
VM17703914,Ethernet Cable,2.52,60.72,01/06/2024,Naples,United States
MS87674998,GPU,5.29,83.6,05/22/2024,Berlin,Germany
XB09244537,Mouse,9.14,357.45,09/14/2024,Bradenton,United States
CL54178010,Headset,4.65,304.13,03/08/2024,Champaign,United States
QP12080532,CPU,1.8,35.71,01/05/2024,Whitchurch,United Kingdom
AG17344759,Mouse,3.49,33.19,05/23/2024,Las Vegas,United States
EF98421677,CPU,3.98,25.17,03/11/2024,Orange,United States
VC53476741,CPU,4.39,327.88,02/14/2024,Largo,United States
UW98913044,USB Hub,4.71,151.22,03/17/2024,Savannah,United States
VP62184222,Headset,7.01,176.16,08/14/2024,Rochester,United States
JS09419426,GPU,8.58,293.77,07/16/2024,Liverpool,United Kingdom
VL60934506,Microphone,5.29,88.37,02/08/2024,Honolulu,United States
IJ11338707,Motherboard,6.09,131.33,08/13/2024,Oakland,United States
FZ27047335,Webcam,5.97,203.84,02/15/2024,Chicago,United States
ZZ22337883,Headset,7.49,152.58,10/29/2023,Las Vegas,United States
SR23911914,Cooling Fan,1.52,264.82,11/02/2023,Oklahoma City,United States
OM31567155,Cooling Fan,8.96,248.27,05/12/2024,New Orleans,United States
GA91850430,Microphone,4.03,362.97,04/28/2024,Atlanta,United States
SS61616702,Microphone,6.06,209.26,02/11/2024,Sioux Falls,United States
AI36646996,Webcam,7.42,228.25,09/04/2024,Pasadena,United States
VM14074239,Cooling Fan,6.27,346.73,06/19/2024,Carlton,United Kingdom
CU62982680,Power Supply,4.77,347.05,10/12/2024,,United States
PQ83195421,Cooling Fan,5.61,341.49,11/28/2023,,
PT34005166,CD/DVD Drive,4.43,234.63,02/14/2024,Sheffield,United Kingdom
KC19210031,USB Hub,8.52,310.24,01/04/2024,Santa Rosa,United States
HQ94044480,USB Hub,9.78,20.85,02/22/2024,Stockton,United States
YF31647393,Webcam,2.05,,05/19/2024,,United States
QS63383762,Case,6.52,,07/08/2024,Newport News,United States
TO13335972,USB Hub,8.72,165.94,06/17/2024,Neuss,Germany
EZ00902571,SSD,5.27,219.65,01/10/2024,Grand Rapids,United States
BJ21173549,External Hard Drive,6.35,241.05,05/08/2024,Brooklyn,United States
LU60090534,RAM,4.99,101.2,06/10/2024,Melbourne,United States
IV28078446,CD/DVD Drive,6.39,353.18,02/20/2024,,Germany
GB90263889,CD/DVD Drive,2.67,360.07,06/20/2024,Stuttgart,Germany
DF28655974,GPU,6.9,83.01,09/07/2024,Dresden,Germany
LZ16597597,Wireless Adapter,1.56,98.41,04/28/2024,San Diego,United States
QX37302620,CPU,1.47,77.56,03/29/2024,,United States
UU32014446,HDD,1.13,84.11,12/22/2023,Atlanta,United States
SM73045674,CPU,8.22,33.57,04/30/2024,Norfolk,United States
SQ10954415,Webcam,4.97,357.08,09/16/2024,,United States
JW25876814,RAM,8.08,30.64,06/29/2024,Corpus Christi,United States
UB21179892,RAM,5.8,393.19,12/09/2023,Bradenton,United States
YC45189770,Motherboard,8.45,259.39,12/26/2023,Würzburg,Germany
KU53905913,Keyboard,9.4,329.51,09/20/2024,,
GQ93774557,External Hard Drive,1.46,49.53,11/25/2023,San Antonio,United States
OA86548226,Webcam,7.6,360.91,03/01/2024,,United States
BH14404287,HDD,2.76,285.9,08/04/2024,Bristol,United Kingdom
MT58659560,GPU,6.37,46.75,01/20/2024,Dallas,United States
NQ00425506,Cooling Fan,8.21,156.31,07/10/2024,Columbia,United States
OD96157715,Wireless Adapter,2.15,250.39,08/24/2024,Aurora,United States
WP46988646,Headset,3.54,217.53,03/27/2024,Norton,United Kingdom
GQ92531421,Motherboard,8.32,236.38,04/03/2024,Atlanta,United States
SR81167145,Headset,7.19,109.76,07/08/2024,Springfield,United States
FB50134852,Headset,7.97,,10/04/2024,Monticello,United States
AV01077745,Power Supply,3.38,380.45,03/05/2024,Aston,United Kingdom
XZ51953220,Wireless Adapter,8.41,223.94,01/05/2024,Laurel,United States
YR90690443,Monitor,3.65,194.59,09/13/2024,Los Angeles,United States
UB82783789,Keyboard,9.65,351.04,01/12/2024,,United States
EQ40574346,Keyboard,6.97,310.24,08/05/2024,Sutton,United Kingdom
JI65148890,CD/DVD Drive,1.64,355.96,10/08/2024,Erie,United States
XS80261482,HDD,5.42,,02/25/2024,,United States
QE67183420,Cooling Fan,4.46,254.56,05/28/2024,San Diego,United States
CN32981134,External Hard Drive,3.15,234.42,04/30/2024,Pasadena,United States
NN25484501,CD/DVD Drive,6.57,322.63,01/30/2024,Phoenix,United States
LY98408920,Keyboard,1.86,173.01,05/25/2024,Birmingham,United States
BD17644635,Mouse,4.23,42.88,12/25/2023,Greensboro,United States
DK00634071,Keyboard,6.66,77.81,09/29/2024,Denver,United States
TF31543400,Ethernet Cable,9.17,291.81,03/31/2024,Kassel,Germany
ZX29591763,Monitor,4.79,121.44,09/10/2024,Washington,United States
DY76377188,CPU,6.4,204.79,07/08/2024,Houston,United States
HY48482720,Wireless Adapter,6.36,,08/15/2024,Irvine,United States
KC78697331,CPU,9.4,51.88,01/20/2024,,United States
MV23977392,External Hard Drive,8.33,393.47,08/04/2024,Charlotte,United States
WX83741776,CPU,7.03,151.58,01/18/2024,Pittsburgh,United States
CJ47789785,External Hard Drive,1.4,398.09,05/22/2024,Denver,United States
OD56783568,USB Hub,9.51,,05/18/2024,Philadelphia,United States
OP00517270,Ethernet Cable,3.06,374.46,07/25/2024,Richmond,
QD88016121,USB Hub,5.42,162.35,04/10/2024,Evansville,United States
ZI45069021,Motherboard,4.7,216.96,10/12/2024,San Antonio,United States
KR42259447,Microphone,2.8,397.89,09/22/2024,Corpus Christi,United States
GF04301266,Power Supply,7.61,164.35,03/17/2024,Carson City,United States
RB72211764,Mouse,1.26,218.74,09/14/2024,Evansville,United States
GQ48602360,Case,7.65,,10/12/2024,Brooklyn,United States
AM05293184,External Hard Drive,5.22,,10/29/2023,Tampa,United States
TA95897996,Power Supply,3.04,53.22,05/25/2024,Chicago,United States
RQ12995336,CD/DVD Drive,2.41,151.75,03/13/2024,San Francisco,United States
TU75589031,USB Hub,2.8,84.37,11/14/2023,Portland,United States
LX94683532,Case,9.19,320.65,08/20/2024,Olympia,United States
KG38115336,Wireless Adapter,5.66,306.75,10/14/2024,Petaluma,United States
YP12274341,Cooling Fan,5.17,206.64,10/12/2024,Mesa,United States
VW61569588,USB Hub,8.73,341.69,03/23/2024,San Jose,United States
GX70632494,External Hard Drive,3.48,147.05,06/23/2024,Glasgow,United Kingdom
BV45421195,CPU,2.17,282.07,08/30/2024,Tampa,United States
BH56445252,RAM,4.39,95.04,12/10/2023,San Bernardino,United States
ER74682750,RAM,9.88,161.77,04/02/2024,Charleston,United States
IF54764919,Mouse,9.14,248.3,08/30/2024,Saint Louis,United States
PN72367375,CD/DVD Drive,6.96,315.16,06/13/2024,Jacksonville,United States
RU34461178,Power Supply,3.79,155.45,08/13/2024,Newark,United States
YO79413376,SSD,3.54,283.22,11/19/2023,Greensboro,United States
PP87360062,Motherboard,8.12,149.89,05/03/2024,Burnside,United Kingdom
PV05907902,External Hard Drive,5.67,179.49,01/28/2024,Denver,United States
AQ88403993,CPU,1.04,217.03,03/20/2024,Palmdale,United States
OM61909064,Headset,9.0,347.57,03/13/2024,Dallas,United States
MB55529551,Ethernet Cable,8.07,82.9,08/31/2024,,United States
WP68465047,GPU,4.22,270.86,01/20/2024,Sioux Falls,United States
JH45404589,Mouse,4.19,107.63,09/21/2024,Grand Junction,United States
GQ71629814,Ethernet Cable,6.64,83.99,01/14/2024,Terre Haute,United States
AC75036265,RAM,5.99,125.88,02/18/2024,,United States
TI16678005,Power Supply,3.05,,10/05/2024,Fort Lauderdale,United States
GE76069510,Case,8.75,233.17,02/11/2024,Pasadena,United States
SH62871391,Keyboard,7.24,225.0,07/16/2024,Phoenix,United States
PC77155126,Monitor,1.65,388.52,10/18/2024,Bryan,United States
DD71352572,External Hard Drive,2.68,358.44,10/01/2024,Würzburg,Germany
MI50870439,Motherboard,6.3,,08/08/2024,Chicago,United States
PK37806020,GPU,7.81,388.16,09/23/2024,El Paso,United States
LH92457936,Keyboard,3.67,355.51,10/17/2024,Denton,United States
CO85980344,Ethernet Cable,5.19,159.24,02/14/2024,Atlanta,United States
YI72440615,Webcam,5.07,42.9,02/10/2024,Pensacola,United States
VZ51691956,Power Supply,4.92,21.34,10/07/2024,Buckland,United Kingdom
LY36236790,Webcam,6.98,214.2,09/18/2024,Shreveport,United States
VH89413126,Cooling Fan,8.47,344.8,11/20/2023,Rochester,
UV32683168,Webcam,9.53,73.27,07/02/2024,Berlin,Germany
UX86282388,RAM,5.21,293.47,04/01/2024,Cincinnati,United States
QW28402467,Case,7.29,277.99,07/11/2024,Oklahoma City,United States
GU40029252,Monitor,4.97,61.4,05/21/2024,Fullerton,United States
ED79210058,Keyboard,1.81,307.01,12/04/2023,Berlin,
LM80256162,Webcam,8.94,59.56,05/14/2024,Philadelphia,United States
JW76477626,Cooling Fan,2.4,325.46,12/31/2023,Hamburg,Germany
ZL98226735,GPU,3.78,,05/26/2024,Tacoma,United States
IW82370955,Motherboard,6.56,275.94,06/18/2024,,United States
MT41974798,USB Hub,1.03,86.54,05/26/2024,Pensacola,United States
PE95495961,External Hard Drive,2.06,90.15,02/11/2024,Las Vegas,United States
ZY00333149,Case,5.44,24.57,12/01/2023,Sacramento,United States
FE20340084,Keyboard,5.58,239.01,10/26/2023,Great Neck,United States
QK47298418,CPU,8.25,346.47,02/04/2024,Orlando,United States
YQ60037897,Cooling Fan,2.25,90.77,04/20/2024,Chattanooga,United States
YZ00694353,GPU,4.09,,03/26/2024,Nürnberg,Germany
SA74793959,GPU,6.84,375.95,04/28/2024,Omaha,United States
IM77441657,USB Hub,7.97,228.18,10/05/2024,,Germany
UY36346632,Ethernet Cable,8.64,383.64,04/25/2024,Grand Rapids,United States
OI44662995,Microphone,3.28,329.27,01/20/2024,Huntsville,United States
MV06104818,HDD,8.34,97.52,08/24/2024,Pasadena,United States
MU73723463,USB Hub,2.41,97.45,03/28/2024,Reston,United States
XA87915030,RAM,1.68,397.71,09/21/2024,Allentown,
SM12434901,HDD,7.53,174.91,09/18/2024,Los Angeles,United States
HZ09091918,Webcam,5.7,307.9,10/15/2024,Camden,United States
RP18553802,Wireless Adapter,7.73,297.7,01/12/2024,Birmingham,United States
LX10298078,SSD,2.62,380.13,05/04/2024,Freiburg im Breisgau,Germany
JV07764483,HDD,1.8,335.21,10/09/2024,Honolulu,United States
CA75274717,Cooling Fan,7.58,194.83,02/27/2024,San Francisco,United States
KI58830499,GPU,5.12,155.09,08/13/2024,Denver,United States
VQ01192557,Case,1.51,59.97,04/18/2024,Baltimore,United States
SQ07715501,Keyboard,1.43,123.78,10/24/2023,Baltimore,United States
IT02614938,SSD,4.24,97.16,10/16/2024,Oklahoma City,United States
JD46255317,Monitor,2.3,29.47,01/29/2024,San Jose,United States
TV83998600,USB Hub,2.59,41.32,08/11/2024,Little Rock,United States
YG81050542,Webcam,6.6,139.05,06/02/2024,Anniston,United States
AL94031020,External Hard Drive,1.29,,09/14/2024,Sheffield,United Kingdom
EV93224685,RAM,4.29,,10/06/2024,New Bedford,United States
NY03649929,RAM,3.93,148.03,04/07/2024,Glasgow,United Kingdom
LU08829628,Wireless Adapter,1.92,80.38,10/15/2024,Saint Louis,United States
ET26761297,CPU,9.16,,11/02/2023,New York City,United States
SQ89963018,Keyboard,1.08,340.96,10/25/2023,Lincoln,United States
RC89374285,Webcam,8.65,,08/16/2024,San Bernardino,United States
KN69645431,Webcam,6.33,198.75,09/26/2024,Van Nuys,United States
YV71916336,USB Hub,4.22,323.82,03/01/2024,Chicago,United States
RS50113968,SSD,1.25,37.49,08/19/2024,Birmingham,United Kingdom
AF41285849,Power Supply,9.9,281.5,12/02/2023,,United States
XO42282359,CD/DVD Drive,5.18,307.55,08/27/2024,Hartford,United States
RP47809008,Power Supply,9.55,93.66,09/08/2024,Amarillo,United States
UE55009227,Power Supply,5.58,,02/25/2024,Tulsa,United States
EL83424746,Motherboard,3.91,268.49,02/18/2024,Denver,United States
UG76452128,Cooling Fan,8.55,58.31,10/21/2024,Atlanta,United States
CZ62682142,Headset,5.32,378.12,01/11/2024,Reston,United States
SZ87838881,Motherboard,2.94,136.51,11/24/2023,Washington,United States
KB02937817,Ethernet Cable,8.06,382.86,04/08/2024,Schenectady,United States
KP61527470,Motherboard,4.99,46.66,02/05/2024,Saint Louis,United States
AU30392980,Power Supply,2.83,47.09,02/08/2024,Ocala,United States
ZS31775599,Headset,5.59,146.16,12/10/2023,Louisville,United States
UU54555522,Motherboard,8.63,112.38,12/24/2023,Young America,United States
OE63708654,Webcam,8.25,272.06,02/26/2024,Boca Raton,
KY45515781,Case,7.39,209.56,04/09/2024,Hamburg Sankt Pauli,Germany
LZ74017701,Power Supply,3.98,60.97,04/28/2024,Dallas,United States
VV24894834,Cooling Fan,8.35,174.2,05/05/2024,Boise,United States
GX93807934,External Hard Drive,2.26,234.92,05/16/2024,Oakland,United States
YA91905569,Headset,1.97,279.49,12/14/2023,Bielefeld,Germany
RY85457433,Headset,5.46,252.57,03/15/2024,Weston,United Kingdom
PA76546929,Webcam,2.31,199.48,06/24/2024,Saint Augustine,United States
BB02593665,Webcam,3.81,217.49,06/11/2024,Leipzig,Germany
XI45242229,CPU,6.4,208.2,02/12/2024,Dallas,United States
OY68495659,Mouse,6.65,377.44,10/15/2024,Rostock,Germany
KA48700163,RAM,8.52,41.6,04/29/2024,Jacksonville,
CQ18265003,Case,9.53,206.82,10/21/2024,München,Germany
FP50123843,Mouse,9.64,,10/20/2024,San Diego,United States
FY96497104,Webcam,7.02,255.55,06/27/2024,San Jose,United States
JQ02900475,External Hard Drive,9.73,157.34,11/01/2023,Fort Worth,United States
ID07252530,USB Hub,6.62,32.65,06/03/2024,Elmira,United States
JP20777840,USB Hub,5.92,168.56,07/09/2024,Clearwater,United States
OO44196644,Headset,5.14,,02/23/2024,Houston,United States
JA85358808,HDD,5.0,155.1,09/25/2024,Cincinnati,United States
XS29651239,Ethernet Cable,7.58,195.39,01/05/2024,Dillenburg,Germany
JR87656871,External Hard Drive,8.08,28.77,09/03/2024,Baton Rouge,
EP88610717,Mouse,6.92,223.9,12/09/2023,Newtown,United Kingdom
TX76537104,Ethernet Cable,9.69,67.97,02/09/2024,Palmdale,United States
JF58020715,Wireless Adapter,4.88,114.77,06/04/2024,Köln,Germany
AB70152303,Mouse,8.2,245.15,02/03/2024,Irving,United States
GS43453792,RAM,3.4,324.7,10/23/2023,Baltimore,United States
RM38115917,Webcam,6.28,77.03,12/22/2023,Cumming,United States
BO72326157,USB Hub,2.32,371.69,02/06/2024,Waco,United States
GK98673391,Motherboard,2.6,239.38,06/28/2024,Little Rock,United States
NR98363996,CD/DVD Drive,9.32,391.95,05/22/2024,Saint Louis,United States
JX46491691,Mouse,3.08,53.73,12/25/2023,Tampa,
WM23960041,Headset,6.53,156.03,03/13/2024,New Brunswick,United States
DM70058637,Microphone,4.04,49.05,05/04/2024,Miami,United States
QP27367055,Headset,7.0,38.51,06/19/2024,Chicago,United States
LV38471441,USB Hub,5.65,386.29,11/23/2023,Houston,United States
EW58645790,Microphone,4.32,62.33,04/07/2024,Dallas,United States
NV61678027,USB Hub,7.79,,03/17/2024,Savannah,United States
YR59291844,Power Supply,3.28,350.9,01/29/2024,Hamburg,Germany
PI27782124,Headset,6.08,197.2,01/30/2024,,United States
WO59539382,Mouse,3.75,,03/28/2024,Lakeland,United States
UR40678496,Monitor,4.87,356.22,06/04/2024,Fort Worth,United States
NH70040428,External Hard Drive,1.66,352.98,05/17/2024,Magdeburg,
UU79219533,Power Supply,9.44,71.81,12/23/2023,Boston,United States
BB31474259,Mouse,4.73,57.33,10/29/2023,Oklahoma City,United States
HE82605911,Webcam,5.07,381.26,09/15/2024,,United States
RI75139805,Case,4.5,,08/02/2024,Indianapolis,United States
VW80162477,USB Hub,8.8,298.57,02/14/2024,Phoenix,United States
ES00028022,Wireless Adapter,7.24,126.18,10/15/2024,Boston,United States
EW41693172,Wireless Adapter,9.83,286.37,02/07/2024,Hamburg,Germany
EM83845243,Case,4.62,191.02,10/29/2023,Dallas,United States
IQ51724202,SSD,6.86,308.06,04/05/2024,New Orleans,United States
MN24809176,Mouse,4.43,68.95,12/26/2023,München,Germany
TJ16639393,Wireless Adapter,3.78,272.98,05/21/2024,Linton,United Kingdom
ZB83078564,Power Supply,3.29,356.34,02/07/2024,Shreveport,United States
EJ33484206,CPU,5.21,96.06,08/05/2024,Berlin,Germany
DK64292970,Headset,7.58,,03/01/2024,Saint Louis,United States
YN02278215,Motherboard,7.54,248.05,03/21/2024,Iowa City,United States
GS08362874,RAM,9.63,39.14,06/21/2024,Houston,United States
TP87999678,RAM,2.11,302.01,12/28/2023,Norfolk,United States
MW39691913,Motherboard,2.1,34.16,04/12/2024,Saint Cloud,United States
EY43152882,Ethernet Cable,9.6,204.37,02/29/2024,Witzenhausen,Germany
ZG43173968,Webcam,7.66,296.89,11/27/2023,Norfolk,United States
ML23286834,RAM,7.89,82.38,01/03/2024,Memphis,United States
BL87238302,GPU,2.41,306.87,10/26/2023,Charlton,United Kingdom
GU63361748,Power Supply,2.9,101.99,04/03/2024,Aachen,Germany
CK92058366,Webcam,3.0,234.86,10/19/2024,Berlin,Germany
ZS48914241,Ethernet Cable,2.23,51.93,03/30/2024,Buffalo,United States
KJ86554445,Webcam,7.84,188.74,07/14/2024,Austin,United States
CP36533068,Webcam,5.89,250.36,10/16/2024,Omaha,
IW91573190,Wireless Adapter,2.18,233.3,05/29/2024,Florence,United States
QZ02066375,USB Hub,7.72,355.07,01/31/2024,Ocala,United States
IY78133109,Ethernet Cable,3.07,111.38,12/10/2023,Washington,United States
TC64307265,Case,4.3,380.78,03/01/2024,Lexington,United States
EU99025495,Motherboard,4.75,67.07,02/07/2024,Kassel,Germany
EN40909909,Mouse,3.61,94.81,09/27/2024,Newtown,United Kingdom
LW85737773,Power Supply,4.89,160.12,01/18/2024,Philadelphia,United States
CK71149081,HDD,7.42,398.77,05/11/2024,South Bend,United States
NB34756453,RAM,9.57,306.08,03/06/2024,Chicago,United States
ND18780858,Cooling Fan,3.32,234.85,01/09/2024,Hatton,United Kingdom
KX84572511,Ethernet Cable,2.72,100.66,11/01/2023,El Paso,United States
ZS94421284,SSD,8.43,183.92,03/13/2024,Tucson,United States
SM88466122,RAM,2.3,119.26,06/15/2024,San Antonio,United States
GN28218262,GPU,8.01,34.78,05/07/2024,Köln,Germany
ZW02067952,CD/DVD Drive,6.67,127.18,12/06/2023,Denton,United States
OH00250538,Headset,8.01,225.34,06/10/2024,Hamburg Bramfeld,Germany
RZ60364642,Ethernet Cable,8.4,168.88,05/13/2024,Detroit,United States
ET92797195,CD/DVD Drive,9.12,255.25,02/19/2024,Orange,United States
GT25088533,Case,3.66,245.39,05/22/2024,Hartford,United States
VP17239462,Headset,2.17,41.55,07/11/2024,Chicago,United States
KV08545020,Monitor,8.92,189.68,06/04/2024,Hatton,United Kingdom
IT22246216,CPU,1.11,184.44,02/09/2024,Harrisburg,United States
VD53602293,HDD,9.98,,10/20/2024,Cedar Rapids,United States
WX76751006,Wireless Adapter,4.27,268.5,07/05/2024,Erie,United States
SO88511991,Wireless Adapter,7.18,260.64,03/15/2024,,United States
LQ25856390,Cooling Fan,5.67,163.29,01/09/2024,Washington,United States
HY21238982,Headset,2.78,390.77,09/19/2024,Houston,
RU75324676,Microphone,9.89,352.32,01/21/2024,Rochester,United States
EM10700818,Webcam,2.3,82.65,07/03/2024,Midland,United States
ZZ98028509,Power Supply,3.06,84.11,10/19/2024,Charlton,United Kingdom
AQ50171658,Microphone,8.09,225.37,03/27/2024,Arlington,United States
FF40875291,CD/DVD Drive,3.45,294.92,01/29/2024,Los Angeles,United States
QL32853428,External Hard Drive,8.51,330.18,01/13/2024,Farmington,United States
EZ37941627,Microphone,5.74,320.0,11/08/2023,Cheyenne,United States
HG07743047,HDD,5.0,358.35,06/26/2024,Jamaica,United States
SS72461023,Ethernet Cable,5.57,23.5,12/17/2023,Atlanta,United States
LV22996187,CD/DVD Drive,1.4,236.63,05/16/2024,Rochester,United States
RH44311188,External Hard Drive,7.02,176.67,01/13/2024,Cheyenne,United States
CO97362320,Case,8.33,196.51,12/05/2023,Saint Paul,United States
UT64116927,GPU,3.91,126.86,10/22/2024,Atlanta,United States
PF17723262,RAM,2.74,,01/23/2024,Denver,United States
VA79878043,Power Supply,6.55,51.66,07/16/2024,Hollywood,United States
KR17163866,Monitor,5.02,356.61,06/03/2024,Maple Plain,United States
ZM12892838,Webcam,5.26,164.43,04/07/2024,Austin,United States
CU71677488,HDD,6.34,99.42,05/15/2024,Sacramento,United States
YT39092792,Motherboard,3.9,266.67,11/18/2023,Fort Worth,United States
KJ35257488,CPU,9.82,160.07,06/16/2024,Oklahoma City,United States
WZ65471941,GPU,1.78,103.13,04/24/2024,Washington,United States
CQ07526706,HDD,3.02,321.99,07/01/2024,Saint Cloud,United States
YG20953063,Wireless Adapter,1.71,148.22,04/14/2024,London,United Kingdom
UR67593369,Microphone,6.28,360.09,01/19/2024,Berlin,
WM58082755,GPU,3.83,270.56,11/09/2023,,United States
FC88676923,Keyboard,7.53,359.75,10/11/2024,Portland,United States
QY36172016,Motherboard,5.38,22.65,12/07/2023,Atlanta,United States
LI34052134,Webcam,9.6,384.39,09/24/2024,Houston,United States
KP70984470,Cooling Fan,3.77,104.54,09/15/2024,Hagerstown,United States
TR75199522,Webcam,5.38,22.62,11/28/2023,,United States
HU37459719,CPU,8.19,304.17,09/24/2024,Houston,United States
QL33761560,Mouse,9.44,,10/01/2024,Washington,United States
ZH64763449,CPU,2.32,269.29,07/29/2024,Columbus,
AG13664118,Keyboard,1.52,195.86,08/17/2024,Greensboro,United States
PV06211044,Ethernet Cable,5.72,288.12,05/20/2024,Indianapolis,United States
ZM62831270,SSD,1.96,110.54,06/19/2024,Stuttgart,Germany
CW10471432,Power Supply,9.55,144.25,11/07/2023,Trenton,
CW53315658,Headset,3.91,398.6,05/16/2024,East End,United Kingdom
WF35279825,SSD,7.99,107.46,11/23/2023,Berlin,Germany
IG21334873,USB Hub,9.82,319.75,01/28/2024,,United Kingdom
JR85420304,Headset,4.39,81.21,05/31/2024,Reno,United States
VB74627701,Case,9.43,121.62,03/23/2024,Atlanta,United States
AF15601916,Headset,9.91,78.97,07/31/2024,Sacramento,United States
CK90051074,RAM,7.91,115.59,08/24/2024,Kiel,Germany
UP14682070,RAM,4.7,375.18,01/27/2024,Boca Raton,United States
KL74702827,Motherboard,4.72,372.38,03/13/2024,Reno,United States
TJ40290435,Cooling Fan,7.12,386.59,10/15/2024,Austin,
DL29117494,Keyboard,9.47,44.77,10/14/2024,Norfolk,United States
AJ95231352,CD/DVD Drive,3.66,207.7,12/04/2023,Sioux City,United States
DL98999437,RAM,8.31,164.12,02/27/2024,Englewood,United States
YE79417142,Cooling Fan,5.14,376.47,06/09/2024,Neuss,Germany
PP42207024,Case,5.11,316.27,05/02/2024,Bristol,United Kingdom
LG94434337,CD/DVD Drive,7.31,55.64,12/31/2023,Torrance,United States
HM35680594,Headset,6.92,225.62,01/17/2024,El Paso,United States
TE23562229,USB Hub,3.52,244.2,08/09/2024,Honolulu,United States
JV42739134,USB Hub,1.11,218.9,06/14/2024,Washington,United States
CM97730904,Ethernet Cable,8.21,113.97,12/21/2023,Berlin,
QA28117816,Motherboard,3.32,147.19,09/04/2024,Seattle,United States
AG75653911,Webcam,6.58,388.23,08/16/2024,Los Angeles,United States
GL14672023,Microphone,5.74,368.24,12/23/2023,Pittsburgh,United States
RV12158551,Motherboard,7.65,35.66,02/01/2024,Des Moines,United States
GV51510509,Case,2.34,289.5,07/25/2024,Nashville,
SV13327240,SSD,3.44,182.78,10/30/2023,Mountain View,United States
GS57840869,Power Supply,3.93,262.68,12/27/2023,Fort Wayne,United States
YB20338514,Ethernet Cable,1.13,74.08,10/14/2024,Miami,United States
YK07342025,RAM,7.76,391.12,03/21/2024,Irving,United States
RF81863883,Microphone,3.95,308.04,01/31/2024,San Diego,United States
GG78681021,Wireless Adapter,3.09,318.06,07/06/2024,Nashville,United States
AW21920157,CD/DVD Drive,6.81,57.95,12/22/2023,Melbourne,United States
DC90650947,RAM,2.06,309.85,02/07/2024,New York City,United States
GQ57130828,Wireless Adapter,1.94,82.94,02/03/2024,Neuss,Germany
TQ79474399,GPU,5.95,35.77,08/04/2024,San Francisco,United States
UE35627410,Ethernet Cable,7.36,234.44,03/12/2024,Huntsville,United States
WH96270277,Headset,1.74,347.66,01/16/2024,Rostock,Germany
VI91382002,CD/DVD Drive,9.73,176.81,02/21/2024,Portland,United States
RB44950816,Keyboard,9.61,170.03,11/19/2023,Syracuse,United States
NG97467665,Webcam,1.72,282.02,07/17/2024,San Antonio,United States
RG37979151,GPU,6.09,395.08,04/03/2024,Charlotte,United States
WT80864403,Case,8.5,347.97,04/08/2024,San Antonio,United States
CU47939564,CPU,4.54,340.79,02/11/2024,Wichita,United States
UI38200606,RAM,7.16,125.37,01/30/2024,Anchorage,United States
PB20007826,Mouse,2.21,128.39,02/11/2024,Honolulu,United States
BQ87969730,GPU,4.83,316.81,02/07/2024,Humble,United States
LW51528141,Power Supply,6.14,153.02,05/24/2024,Fort Lauderdale,United States
TO33759665,CD/DVD Drive,3.01,271.52,09/30/2024,Las Vegas,United States
GU84407381,Monitor,8.78,96.91,04/29/2024,Birmingham,United States
DX39831134,CD/DVD Drive,1.89,118.61,06/20/2024,Chicago,United States
XM19271166,SSD,5.85,52.43,01/31/2024,Boston,
RR75691953,Keyboard,6.44,272.23,01/23/2024,Greensboro,United States
PO42616343,Case,7.43,145.58,07/18/2024,San Jose,United States
FI92581686,Ethernet Cable,2.83,138.3,06/04/2024,Monticello,United States
ZO87124265,Case,3.23,275.7,08/08/2024,Las Vegas,United States
RJ16311169,Power Supply,7.73,346.83,04/03/2024,Waco,United States
OW21382081,HDD,1.82,230.35,11/18/2023,,United Kingdom
GR59717714,Mouse,1.51,341.04,03/28/2024,Hamburg,Germany
KG39505396,Ethernet Cable,3.37,54.51,06/15/2024,London,United Kingdom
II15829376,SSD,6.87,262.0,08/16/2024,Alexandria,United States
MI48413539,Case,6.78,160.25,07/27/2024,San Diego,United States
XK06764654,Power Supply,2.67,168.18,07/12/2024,Santa Barbara,United States
QE82363508,SSD,3.14,41.88,11/06/2023,Dean,United Kingdom
FZ32056849,Cooling Fan,8.08,284.87,05/08/2024,Köln,Germany
EU81708122,Case,8.84,228.51,02/27/2024,Rochester,United States
TT29746749,GPU,6.3,327.54,03/06/2024,Kansas City,United States
WN26644994,Keyboard,2.87,370.8,12/28/2023,Dallas,United States
BL57467014,USB Hub,5.34,286.81,11/13/2023,Las Cruces,United States
MC75512564,Power Supply,6.79,252.7,01/26/2024,Roanoke,United States
UB47809223,Mouse,7.05,100.25,05/01/2024,Atlanta,United States
SK87935496,HDD,5.25,367.7,06/03/2024,Berlin,Germany
AJ28202418,CPU,9.16,350.07,05/01/2024,Pensacola,United States
QK61674942,Wireless Adapter,9.64,307.24,02/14/2024,Milwaukee,United States
SG40526778,USB Hub,2.73,84.82,09/01/2024,Dallas,United States
PB27974617,HDD,4.78,319.03,11/24/2023,New Orleans,United States
UO11088559,CPU,6.0,374.34,09/05/2024,Washington,United States
IQ72745096,Keyboard,6.29,,12/19/2023,Denver,United States
CF95432003,GPU,9.02,94.4,11/04/2023,Dayton,United States
GN45688841,External Hard Drive,6.48,154.9,06/29/2024,Memphis,United States
UD10164954,Power Supply,4.52,274.42,09/10/2024,Kiel,Germany
MY29890146,SSD,3.83,132.77,03/10/2024,Miami,
YB32887988,Monitor,8.57,170.17,09/07/2024,Lees Summit,United States
JK48114466,External Hard Drive,9.25,264.61,10/22/2024,Winston Salem,United States
PQ06950586,Power Supply,9.73,62.19,03/13/2024,Hannover,Germany
XR12410523,Keyboard,5.82,170.75,06/26/2024,Köln,Germany
GC83688563,Webcam,9.55,135.93,03/19/2024,Grand Rapids,United States
UQ25508406,Case,2.3,193.04,12/16/2023,,
YE60279259,Mouse,8.15,322.98,07/30/2024,Seattle,United States
BA95813008,Webcam,8.52,351.57,05/19/2024,Hamburg,
YS16826831,Monitor,4.14,,09/03/2024,Denver,United States
EW67000784,Webcam,5.75,313.81,10/18/2024,Fort Worth,United States
TT13949156,GPU,5.3,,12/11/2023,Marston,United Kingdom
XX41017813,CPU,1.11,301.06,01/27/2024,Amarillo,United States
MM75524788,Microphone,7.76,159.5,10/09/2024,Danbury,United States
DU22853777,RAM,5.3,344.05,03/05/2024,Atlanta,United States
CU99963775,Microphone,8.27,35.48,11/03/2023,Hartford,United States
MC25616334,Motherboard,3.96,73.7,09/20/2024,Dallas,United States
NU24448867,Motherboard,1.47,130.26,02/12/2024,Ashley,United Kingdom
VB38887837,USB Hub,1.99,224.39,05/14/2024,Newton,United Kingdom
AZ83477741,Wireless Adapter,7.07,278.98,11/05/2023,Monticello,United States
JH12195834,Microphone,7.07,,01/21/2024,Fort Worth,United States
WD92426768,Wireless Adapter,4.32,169.54,12/28/2023,San Jose,United States
GO93606682,Wireless Adapter,3.69,228.52,12/20/2023,Charleston,United States
MM53566663,Webcam,2.52,266.2,08/31/2024,Minneapolis,United States
BG55857862,Keyboard,3.62,174.04,03/31/2024,London,United Kingdom
SB60937508,SSD,6.61,373.14,03/24/2024,New Haven,United States
CQ41944116,Cooling Fan,2.27,104.09,06/02/2024,,United States
GX85237868,Power Supply,6.92,258.44,03/11/2024,Richmond,United States
DL98783721,Microphone,6.05,222.54,05/26/2024,San Diego,United States
AG77695798,Case,8.93,,11/29/2023,Baltimore,United States
HI57604943,External Hard Drive,2.15,186.96,04/22/2024,Huntsville,
CX75645505,Cooling Fan,3.81,71.52,02/27/2024,Pentre,United Kingdom
QP89228804,Monitor,1.03,289.51,06/13/2024,New Orleans,United States
DW70451511,Power Supply,1.79,281.6,09/17/2024,Rochester,United States
YC77494601,Microphone,9.76,322.01,06/09/2024,Naperville,United States
YG84387333,Cooling Fan,5.16,264.85,08/22/2024,Dearborn,
HT69870450,HDD,6.93,,07/27/2024,,United States
GV91302706,CD/DVD Drive,3.03,142.1,01/02/2024,Wilmington,United States
ZB67867318,Headset,7.19,114.93,07/17/2024,Pittsburgh,United States
XN05086722,CD/DVD Drive,9.12,,03/16/2024,Herne,Germany
TO35598550,Keyboard,8.15,202.6,08/19/2024,Nürnberg,Germany
CE24560530,SSD,4.84,310.13,03/26/2024,Magdeburg,Germany
TC76054996,External Hard Drive,6.39,94.26,10/08/2024,Aberdeen,United Kingdom
BY50452551,Ethernet Cable,1.8,134.3,04/11/2024,Ocala,United States
QI64097232,Motherboard,6.26,331.87,10/07/2024,,United States
AN80112662,Ethernet Cable,7.64,368.21,11/30/2023,Minneapolis,United States
MO96438067,Power Supply,6.1,117.47,05/19/2024,Detroit,United States
GO54346794,SSD,4.23,148.37,05/08/2024,Houston,United States
BA94475296,SSD,8.72,326.81,05/07/2024,Springfield,United States
DW80247197,Wireless Adapter,8.56,182.5,01/28/2024,Chesapeake,United States
JN28255026,Headset,7.12,,01/04/2024,Shawnee Mission,United States
UI59421788,HDD,2.93,,08/23/2024,Saint Paul,United States
KS37874506,Mouse,3.32,222.63,07/11/2024,Daytona Beach,United States
SC18956886,Monitor,5.37,101.38,06/11/2024,Oklahoma City,United States
QS79122515,USB Hub,3.77,101.46,06/05/2024,Irving,United States
TC35900145,CPU,3.76,95.58,03/30/2024,Louisville,
AW58529461,Power Supply,1.53,85.39,04/19/2024,Kassel,Germany
IA36970868,HDD,6.1,357.58,02/27/2024,Austin,United States
FP63088665,Case,1.53,37.89,07/16/2024,Washington,United States
HL46955027,SSD,1.79,313.41,10/11/2024,Manchester,United Kingdom
ZR01894914,Power Supply,4.06,125.46,06/16/2024,Mobile,United States
LS49951856,HDD,1.46,282.61,12/11/2023,Johnson City,United States
AV02859131,HDD,4.98,97.58,05/21/2024,Washington,United States
ST55778522,CPU,9.87,22.82,09/04/2024,Essen,Germany
LE40837018,Keyboard,7.27,271.69,06/30/2024,Minneapolis,United States
EC31306786,USB Hub,7.15,101.94,03/26/2024,,United States
EE00925985,Motherboard,1.42,99.89,07/12/2024,Newark,United States
LR89520260,CPU,3.51,100.81,03/03/2024,Memphis,United States
YE47360570,Headset,8.4,77.54,03/14/2024,Topeka,United States
JH92597772,Webcam,1.5,195.62,08/19/2024,Sacramento,United States
BA45472391,Webcam,2.51,345.13,12/15/2023,San Antonio,United States
ZH81818678,Power Supply,3.65,28.65,05/23/2024,Louisville,United States
OL81018450,Power Supply,9.67,241.08,06/27/2024,Fort Pierce,United States
QI83690889,HDD,8.92,174.21,09/26/2024,Fresno,United States
RF63875683,CPU,4.58,357.25,12/30/2023,Lafayette,United States
BK49217393,CPU,5.15,167.35,01/21/2024,Tulsa,United States
PM18837324,Monitor,9.99,363.78,05/10/2024,,United Kingdom
ZV99508891,External Hard Drive,4.87,,07/15/2024,Petaluma,United States
HZ29779593,External Hard Drive,1.47,70.13,01/14/2024,Ashley,United Kingdom
EU17439435,USB Hub,9.19,94.07,04/16/2024,Colorado Springs,United States
OL20243868,External Hard Drive,9.81,345.78,03/25/2024,Scranton,United States
YX13666160,External Hard Drive,3.57,230.6,09/26/2024,,United States
CG23456699,Headset,3.14,251.78,01/16/2024,Jamaica,United States
DG78834747,Motherboard,3.95,245.29,04/10/2024,Alexandria,
MW84362990,Ethernet Cable,4.26,,06/18/2024,,United States
TP13399589,Microphone,8.21,217.47,04/12/2024,Phoenix,United States
UY99043432,RAM,5.1,397.1,06/25/2024,Dallas,United States
UD30234050,Microphone,1.16,378.11,02/04/2024,Buffalo,United States
MK47346252,GPU,9.63,376.42,01/20/2024,Tallahassee,
LB57632187,Webcam,8.77,165.79,11/13/2023,San Rafael,United States
EB38914841,HDD,6.98,357.51,03/22/2024,Charleston,United States
TF19897050,Monitor,3.07,209.97,04/21/2024,Lansing,
BL51344748,CPU,6.16,337.05,03/12/2024,Toledo,United States
UG91976285,Keyboard,9.09,121.92,02/19/2024,Wiesbaden,Germany
OB10302801,Mouse,6.59,80.05,10/23/2023,München,Germany
ET40004956,CPU,6.1,30.17,01/11/2024,Miami,United States
JY37936358,USB Hub,8.19,,04/07/2024,New York City,United States
QF85236500,Webcam,4.65,382.56,01/01/2024,Seattle,United States
JN64155409,Case,9.33,52.14,08/22/2024,Joliet,United States
QR20370271,Power Supply,1.55,137.18,03/28/2024,Norfolk,United States
AP53238844,SSD,5.72,89.25,09/09/2024,New Orleans,United States
VU08295320,Case,9.94,90.53,06/02/2024,Savannah,United States
OT24698127,CD/DVD Drive,2.08,54.88,07/31/2024,Las Vegas,United States
UG12262845,GPU,8.87,,11/11/2023,West Palm Beach,United States
QV86457312,Ethernet Cable,4.14,216.65,07/09/2024,Hamburg,Germany
WE39279448,GPU,6.15,162.52,10/26/2023,Rochester,United States
XS63697907,Case,4.26,45.31,09/20/2024,Sutton,United Kingdom
SY91338178,Cooling Fan,1.76,321.95,09/26/2024,Lexington,United States
AA86267208,Webcam,3.95,22.35,08/18/2024,Saint Louis,United States
KP87807588,Cooling Fan,8.63,163.18,08/07/2024,Tacoma,United States
RY30300614,SSD,7.73,235.78,05/22/2024,Cincinnati,United States
LI76908854,Webcam,7.69,112.11,06/02/2024,Boise,
VI29673444,Motherboard,1.21,175.39,03/14/2024,San Rafael,United States
GV19934400,USB Hub,7.58,300.66,06/18/2024,Detroit,United States
HA15592171,Motherboard,8.63,329.11,07/14/2024,Garland,United States
RJ62307105,CD/DVD Drive,9.56,200.56,03/20/2024,Jacksonville,United States
PH21777602,Cooling Fan,9.67,275.52,12/27/2023,Houston,United States
WF01061564,Cooling Fan,1.05,162.61,10/25/2023,Shawnee Mission,United States
MC75821767,Monitor,6.68,114.39,11/29/2023,Lakeland,United States
DB07429615,HDD,5.97,283.67,11/11/2023,Shawnee Mission,United States
TW64911447,Ethernet Cable,7.99,57.82,04/15/2024,Saint Louis,United States
PW96265550,GPU,7.6,91.08,01/27/2024,Tullich,United Kingdom
ZL98623950,Wireless Adapter,3.4,99.09,05/11/2024,Santa Ana,United States
JZ40624669,Microphone,5.08,95.16,06/05/2024,Reutlingen,Germany
MV92219212,Case,7.03,357.94,02/06/2024,El Paso,United States
AH84132645,External Hard Drive,5.97,153.44,01/18/2024,Fort Wayne,United States
IT03312672,Case,8.62,86.4,12/28/2023,,United States
SM06505987,Microphone,9.66,109.95,04/18/2024,Boise,United States
BQ50432534,GPU,1.81,325.81,07/09/2024,Halle,Germany
HA81300980,Webcam,3.55,230.04,04/12/2024,Stuttgart Stuttgart-Mitte,Germany
PR12403790,Microphone,7.23,105.77,11/10/2023,San Diego,United States
PF41583601,CD/DVD Drive,1.54,276.47,12/19/2023,Warren,United States
VC88886027,Motherboard,6.47,,11/05/2023,Tulsa,United States
DF56817211,USB Hub,8.8,349.73,01/19/2024,Washington,United States
DF53784253,Webcam,6.76,297.77,11/21/2023,Phoenix,United States
BC44354910,SSD,1.52,239.3,07/21/2024,Chattanooga,United States
SP18364631,USB Hub,3.15,397.51,07/04/2024,Philadelphia,United States
LT30383535,Ethernet Cable,5.95,241.34,02/13/2024,Charleston,United States
KV06060075,Wireless Adapter,5.72,185.58,01/10/2024,Las Vegas,United States
NR43749340,Keyboard,4.88,269.47,06/13/2024,Philadelphia,United States
SE80069724,External Hard Drive,7.78,269.29,08/27/2024,,United States
YN67937463,Headset,6.87,241.99,02/05/2024,Hartford,United States
BL61582549,Webcam,6.13,219.94,08/07/2024,Silver Spring,United States
KR90422607,Wireless Adapter,6.13,384.9,12/24/2023,Colorado Springs,United States
RL08918424,Monitor,3.38,110.75,11/09/2023,Long Beach,United States
PF51030671,Ethernet Cable,7.22,199.45,06/20/2024,Manassas,United States
UY18394701,CPU,9.43,244.81,03/22/2024,New York City,United States
WO22881318,HDD,6.25,229.17,04/08/2024,Chicago,United States
HY68758824,GPU,5.61,,11/17/2023,Kinloch,United Kingdom
RB96050209,Headset,5.63,348.66,02/26/2024,Santa Ana,United States
KZ99123921,CD/DVD Drive,6.13,399.49,01/21/2024,Vancouver,United States
NA67440624,SSD,9.34,147.74,03/17/2024,Oakland,United States
MM87359336,Power Supply,1.13,64.13,02/20/2024,Whitchurch,
PL24803032,External Hard Drive,4.94,,12/25/2023,Lincoln,United States
ZR01449355,Webcam,8.65,41.28,01/22/2024,Nürnberg,
MK20466680,Headset,9.74,240.2,07/07/2024,Phoenix,United States
FS30967605,Webcam,4.43,186.65,06/21/2024,Aachen,Germany
TX70060418,Headset,4.93,186.19,06/16/2024,Lexington,United States
RI69005100,Cooling Fan,4.63,,09/28/2024,Washington,United States
GG18583063,Motherboard,2.27,,03/12/2024,Albuquerque,
CZ34910751,Mouse,2.32,113.81,05/02/2024,Columbus,United States
RI94177954,Case,5.04,300.74,04/12/2024,Midland,United States
GT77312273,Microphone,4.19,382.6,09/12/2024,London,United Kingdom
XP72236666,Cooling Fan,7.52,290.4,04/30/2024,,United States
PY22836395,CD/DVD Drive,8.21,31.7,08/25/2024,Sheffield,United Kingdom
RC47181456,HDD,7.56,23.93,04/13/2024,Manchester,United Kingdom
TH78214269,Cooling Fan,1.19,381.33,06/22/2024,Raleigh,United States
AK26066172,RAM,8.88,162.74,11/28/2023,Wuppertal,Germany
ZP87779036,Motherboard,3.68,57.94,11/18/2023,Tulsa,United States
RI06555397,Motherboard,9.91,174.26,11/16/2023,,United States
ML48476800,Monitor,8.41,91.7,03/18/2024,Naples,United States
VH57720537,External Hard Drive,3.01,308.09,04/08/2024,Fresno,United States
RF93857192,USB Hub,5.37,198.06,03/05/2024,London,United Kingdom
DL81621173,Microphone,2.78,63.43,04/26/2024,Norton,United Kingdom
II91720624,Mouse,1.94,66.25,06/20/2024,El Paso,
CR92630509,Microphone,7.52,63.46,09/05/2024,Minneapolis,United States
BF53985477,Webcam,4.99,114.52,01/19/2024,Philadelphia,United States
KW56502303,HDD,8.38,234.25,12/12/2023,Pompano Beach,United States
CE52457887,External Hard Drive,5.67,148.02,07/17/2024,Los Angeles,United States
XK03832178,CD/DVD Drive,4.61,133.98,05/25/2024,Jeffersonville,United States
YR66111734,Headset,4.67,256.19,07/18/2024,Ashley,United Kingdom
OE84281559,Keyboard,8.61,258.61,01/08/2024,Evansville,United States
CV41519828,Case,2.39,144.73,06/13/2024,Denver,United States
JW14888049,Ethernet Cable,7.18,127.13,04/05/2024,Carson City,United States
NA11461012,Ethernet Cable,1.81,88.13,05/23/2024,Leipzig,Germany
AF59160438,CPU,9.6,,06/28/2024,New York City,United States
EH74535367,Webcam,4.54,142.96,03/16/2024,Scottsdale,United States
SG84684963,Microphone,8.42,166.8,02/07/2024,Lexington,United States
IF99193049,Motherboard,5.41,328.48,08/07/2024,Berlin,Germany
XO96583873,Ethernet Cable,4.61,397.14,03/01/2024,Philadelphia,United States
MD46438639,GPU,3.78,345.61,10/28/2023,Church End,United Kingdom
XN92915087,Mouse,6.1,,04/27/2024,El Paso,United States
WM79449415,Wireless Adapter,7.39,144.82,07/21/2024,Tempe,United States
IX71562292,CPU,3.4,198.95,10/01/2024,Richmond,United States
XQ40088407,Monitor,9.97,180.41,08/05/2024,Simi Valley,United States
KP22473724,Microphone,4.58,321.22,03/06/2024,Nashville,United States
VD15438382,Headset,2.86,122.25,12/22/2023,Tucson,United States
AO51127951,Keyboard,4.25,74.11,11/24/2023,Washington,United States
PI22489080,Cooling Fan,9.41,138.03,03/11/2024,Hamburg,Germany
SN06616370,CPU,1.69,325.55,06/08/2024,München,Germany
GR16524371,Motherboard,1.53,,12/25/2023,Paterson,United States
GW42869858,HDD,7.29,26.66,07/25/2024,,United States
QZ01795121,Ethernet Cable,8.76,137.65,09/21/2024,Thorpe,United Kingdom
DY22834694,Ethernet Cable,8.97,370.78,09/17/2024,London,United Kingdom
SM47844114,Microphone,1.67,170.4,07/06/2024,,United States
SJ83420354,Monitor,3.72,344.55,10/14/2024,Omaha,United States
RQ22172598,Motherboard,8.54,271.7,03/17/2024,,United States
YC49397742,Wireless Adapter,2.93,47.43,10/12/2024,Bremen,Germany
HM21333504,Keyboard,5.96,52.28,02/27/2024,Sacramento,United States
MR06561341,Motherboard,3.49,227.28,01/05/2024,Los Angeles,United States
AK91839311,CPU,9.86,32.65,02/29/2024,,United States
WB72046335,CPU,6.39,334.84,10/19/2024,Orlando,United States
YE95803231,USB Hub,6.96,147.95,09/05/2024,Berlin,Germany
QG00407769,CPU,7.36,227.6,02/22/2024,Boca Raton,United States
XA08536077,CPU,1.83,332.94,03/26/2024,Durham,United States
PY16057712,Headset,3.3,109.78,03/28/2024,Magdeburg,Germany
FK45235086,Case,7.07,,02/24/2024,Remscheid,Germany
OA48227563,External Hard Drive,2.69,133.84,03/30/2024,London,United Kingdom
PC98282162,RAM,3.0,251.44,03/18/2024,,United States
ZI46959745,Microphone,8.94,347.93,08/15/2024,Denver,United States
OJ61157924,GPU,9.0,296.41,09/20/2024,Berlin,Germany
IO25235398,Ethernet Cable,9.63,32.32,11/19/2023,Columbus,United States
JQ02978644,Wireless Adapter,5.18,69.72,03/12/2024,Denver,United States
ZB32265359,Motherboard,9.67,311.52,11/30/2023,Los Angeles,United States
LJ91408306,Monitor,2.3,294.86,03/03/2024,Fort Worth,United States
UJ31370883,Webcam,8.24,344.2,04/17/2024,Pasadena,
NR95457252,RAM,7.31,156.49,04/19/2024,Arlington,United States
PU39802445,CD/DVD Drive,9.59,293.2,10/10/2024,Las Vegas,United States
YD12937821,USB Hub,3.78,176.15,04/18/2024,Aurora,United States
WL05387449,SSD,1.51,79.63,08/03/2024,Great Neck,United States
LV79864435,Mouse,1.33,257.74,06/11/2024,El Paso,United States
VH54012955,Headset,2.25,352.85,05/11/2024,Springfield,United States
PQ85524912,Headset,5.99,393.77,01/05/2024,New Orleans,United States
TM93143520,USB Hub,7.43,96.13,12/21/2023,Dulles,United States
UL83891519,RAM,3.07,262.15,12/30/2023,Hamburg,Germany
TH89386314,Motherboard,4.42,203.51,06/21/2024,Evansville,United States
AR37645690,Mouse,1.09,141.59,02/09/2024,Essen,Germany
AD06745199,Motherboard,1.91,193.37,07/01/2024,Charleston,United States
VU62047302,Wireless Adapter,2.06,271.65,08/04/2024,Leipzig,Germany
GU00365660,Keyboard,2.32,112.31,05/09/2024,München,Germany
TR20338128,Cooling Fan,6.2,293.37,09/16/2024,Osnabrück,Germany
PL36271772,CPU,9.61,23.06,07/24/2024,Washington,United States
RU05888164,Power Supply,6.19,388.59,01/17/2024,Toledo,United States
QG84811738,Wireless Adapter,4.54,28.95,08/16/2024,Dallas,United States
CH08367197,GPU,3.09,21.79,04/11/2024,,
HU73945744,RAM,6.12,287.53,02/20/2024,Trenton,United States
MX35179083,Wireless Adapter,1.03,261.29,08/02/2024,Bonn,Germany
YE10269045,Microphone,1.67,106.38,03/18/2024,Magdeburg,Germany
JM62521961,Case,6.58,275.19,11/26/2023,Tacoma,United States
FA28345567,Motherboard,9.84,41.69,04/24/2024,Kansas City,United States
BN53866462,RAM,1.21,274.3,09/12/2024,Sheffield,United Kingdom
SW00813058,GPU,7.6,,05/07/2024,Cincinnati,United States
MI47553318,CD/DVD Drive,6.48,89.64,12/16/2023,Clearwater,United States
KM50623237,Headset,1.49,208.28,06/18/2024,Münster,Germany
TU88420624,Motherboard,4.33,324.39,07/08/2024,,Germany
EC05945310,USB Hub,5.88,358.89,06/14/2024,,United States
BO24610127,Mouse,4.35,189.23,09/14/2024,Oklahoma City,United States
HB51456263,Motherboard,7.92,225.1,01/01/2024,Miami,United States
IZ24196929,Power Supply,1.37,151.99,06/21/2024,Boise,
GS92531410,Motherboard,6.52,178.42,06/01/2024,Roanoke,United States
HF84358078,Webcam,4.69,339.34,08/24/2024,Savannah,United States
AF79203456,Mouse,5.15,395.23,04/30/2024,,United States
DS56977084,Keyboard,3.05,248.81,05/20/2024,Scottsdale,United States
YB04413814,USB Hub,5.7,,01/19/2024,New Orleans,United States
RN56528433,CPU,5.26,296.21,11/01/2023,Berlin,Germany
LK72574441,Monitor,4.39,197.02,12/10/2023,Albany,United States
KT66050506,SSD,7.83,84.09,07/22/2024,Oklahoma City,United States
NB43768394,Headset,3.83,313.27,10/27/2023,Atlanta,United States
DD81346542,Headset,3.52,,04/16/2024,Manchester,United Kingdom
AR14592103,Microphone,5.85,354.37,04/28/2024,San Francisco,United States
AQ08490200,CD/DVD Drive,5.73,324.16,07/11/2024,Reno,United States
FV68487283,CPU,1.06,233.35,06/04/2024,El Paso,
JO99300123,RAM,2.94,336.97,03/13/2024,Remscheid,Germany
UG21501911,Case,6.38,337.86,09/10/2024,Bradenton,
NU50879072,Keyboard,9.76,240.77,04/27/2024,Nashville,United States
QY71767297,Headset,5.55,278.57,01/18/2024,Mainz,Germany
RY93663140,Motherboard,2.46,136.33,05/05/2024,Orlando,United States
VS73265701,SSD,2.89,31.75,10/04/2024,,Germany
XD77110325,Motherboard,9.14,291.38,09/14/2024,Saint Louis,United States
MB95402557,Case,2.36,,04/28/2024,Washington,United States
MQ33686813,Ethernet Cable,8.77,210.69,05/30/2024,Toledo,United States
EU08168857,SSD,5.17,395.52,11/09/2023,Kansas City,United States
FO96363295,CD/DVD Drive,7.72,147.3,03/24/2024,,United States
QA34636449,Power Supply,1.92,98.33,10/07/2024,Bradenton,United States
JQ08011255,Keyboard,4.08,336.64,04/17/2024,Battle Creek,United States
RN85417017,Cooling Fan,5.89,154.08,01/04/2024,Iowa City,United States
LX94052229,CD/DVD Drive,9.73,172.45,11/15/2023,Saint Paul,United States
NI60403921,Power Supply,8.89,74.74,08/24/2024,Charlotte,United States
TF62980681,Ethernet Cable,8.58,397.36,05/30/2024,Seattle,United States
OD57624329,SSD,2.66,73.81,05/05/2024,Punta Gorda,United States
DB74815378,Ethernet Cable,1.09,128.44,11/13/2023,Lakeland,United States
PP13209000,External Hard Drive,5.59,338.06,07/20/2024,Brampton,United Kingdom
TU23401869,Headset,2.54,68.03,04/10/2024,Jacksonville,United States
RU67410413,GPU,5.77,168.36,10/18/2024,Düsseldorf,Germany
IO46235089,Case,3.99,172.72,10/22/2024,Saarbrücken,Germany
NJ71488314,Cooling Fan,4.08,304.97,06/01/2024,Tyler,United States
YZ17466815,Microphone,2.06,103.4,12/01/2023,Berlin,Germany
TM50292943,Keyboard,1.72,42.56,12/02/2023,North Little Rock,United States
QN03132523,CD/DVD Drive,9.82,56.68,07/26/2024,Omaha,United States
ZW69700766,GPU,7.34,292.21,04/07/2024,Louisville,United States
OZ18030735,External Hard Drive,2.79,380.36,01/13/2024,Orlando,United States
MC76342749,Wireless Adapter,7.46,119.93,01/15/2024,Saint Louis,United States
LY42995182,CD/DVD Drive,6.28,54.71,05/14/2024,Austin,United States
TV98178726,RAM,4.38,135.15,05/15/2024,Craigavon,United Kingdom
KR92290282,Motherboard,3.0,374.06,12/18/2023,Garden Grove,United States
ZR56016687,Webcam,5.41,163.96,01/18/2024,Inglewood,
YF17530918,GPU,4.67,108.51,03/03/2024,Lexington,United States
LU64029696,SSD,6.38,316.38,09/02/2024,Austin,United States
OM79148124,GPU,7.7,,02/18/2024,Arlington,United States
NG91717858,Power Supply,8.48,274.74,08/15/2024,Erie,United States
VB15714722,Wireless Adapter,9.6,,05/27/2024,Tampa,United States
GD80339753,Monitor,6.58,205.33,11/04/2023,Springfield,United States
KM84281356,Microphone,8.38,234.05,05/26/2024,Sheffield,United Kingdom
CF24776841,Microphone,6.95,106.13,05/18/2024,Humble,United States
GJ18428669,GPU,2.9,77.4,08/11/2024,Detroit,United States
BE44526426,CD/DVD Drive,5.38,156.6,08/15/2024,Dearborn,United States
UR65729681,Motherboard,8.45,104.92,08/27/2024,,United States
TK08312917,GPU,5.98,30.54,04/26/2024,Austin,United States
IM95935590,Case,2.91,197.95,12/06/2023,Sutton,United Kingdom
CA60405135,CD/DVD Drive,1.92,,09/07/2024,Washington,United States
AH56480625,Case,3.92,257.88,07/30/2024,,United States
HF53748720,Microphone,5.81,336.77,08/22/2024,Houston,United States
CR50345997,Wireless Adapter,4.96,,12/30/2023,Düsseldorf,Germany
LQ33082119,Keyboard,8.78,269.51,11/03/2023,Dearborn,United States
DV41746163,Cooling Fan,6.08,106.94,03/12/2024,Aberdeen,United Kingdom
PN15856632,GPU,6.24,57.53,11/15/2023,Phoenix,United States
PY78825484,HDD,5.49,289.93,08/11/2024,Charleston,United States
BD53909009,Monitor,5.56,398.1,06/01/2024,Rochester,United States
KU47918726,Case,9.66,353.06,03/11/2024,Fort Worth,United States
HG49635357,Power Supply,9.75,169.79,10/03/2024,Waterbury,United States
IV42483500,SSD,3.43,134.43,05/02/2024,Fresno,United States
OH09191677,Monitor,4.43,33.33,11/20/2023,Tacoma,United States
BT42788015,Ethernet Cable,3.74,344.51,03/18/2024,Las Vegas,United States
RP31573233,Power Supply,8.95,157.49,04/20/2024,Columbia,United States
NZ83933198,Wireless Adapter,2.27,,02/16/2024,Evansville,United States
QX09610879,Mouse,9.66,113.12,07/11/2024,Washington,United States
CU75437447,GPU,2.78,222.35,12/18/2023,Fort Smith,United States
YF19526088,Case,7.35,321.77,03/18/2024,Köln,Germany
TF11383458,Mouse,4.8,,01/10/2024,Alexandria,United States
KG14337622,CPU,2.02,187.56,12/28/2023,Glasgow,United Kingdom
OK64913339,Case,9.89,323.54,03/27/2024,Orlando,United States
FH94349456,CPU,9.88,,01/09/2024,Newtown,United Kingdom
GZ00931624,RAM,1.33,192.68,08/09/2024,Louisville,United States
IF28482755,CD/DVD Drive,4.06,232.91,04/04/2024,Columbus,United States
EY46657025,CD/DVD Drive,5.78,235.65,02/05/2024,Delray Beach,United States
JO54773315,RAM,9.51,280.57,06/11/2024,Topeka,United States
ES46252960,Webcam,9.0,55.25,01/29/2024,West Hartford,United States
LT67822863,Wireless Adapter,7.12,37.62,06/25/2024,Hampton,
LI16424777,CD/DVD Drive,8.52,175.04,04/06/2024,Bielefeld,Germany
PB48980264,Webcam,6.1,122.14,10/31/2023,Oceanside,
AQ03963238,Webcam,2.45,142.93,10/18/2024,Kirkton,United Kingdom
QU18487284,Webcam,9.15,335.36,05/17/2024,Colorado Springs,United States
BM39484020,Cooling Fan,2.16,,02/25/2024,Toledo,United States
MW59298802,CPU,4.46,35.87,08/28/2024,Chicago,United States
ES98403601,Wireless Adapter,4.1,397.73,09/29/2024,Beaumont,United States
BX56588509,Webcam,7.48,43.8,05/16/2024,Merrifield,United States
GK29019719,Case,8.78,170.23,09/14/2024,Saint Petersburg,United States
CW53593748,Headset,1.86,186.87,04/29/2024,Bradenton,United States
GF91334405,Headset,5.52,271.09,05/31/2024,Hamburg,Germany
CE41174603,CPU,3.26,394.44,07/19/2024,Cincinnati,United States
ZE90087074,Cooling Fan,8.38,383.63,04/02/2024,Danbury,United States
JH60746090,GPU,3.48,341.78,04/06/2024,Birmingham,United States
RE05393311,Motherboard,6.82,126.17,11/22/2023,Philadelphia,United States
PO55801750,Webcam,6.93,303.4,03/21/2024,Atlanta,United States
EV09149627,Microphone,6.45,290.31,10/15/2024,Washington,United States
YW48668898,Power Supply,2.01,100.47,03/02/2024,Peoria,United States
FX52550305,USB Hub,1.94,178.23,03/29/2024,Syracuse,United States
JO58773187,HDD,9.18,165.55,10/05/2024,Herne,
GI80925372,CPU,3.11,112.43,08/17/2024,Lincoln,United States
WZ67914703,USB Hub,6.98,72.77,03/15/2024,Ashley,United Kingdom
GV43285575,Wireless Adapter,8.51,,08/22/2024,Springfield,United States
PV52316026,Keyboard,2.53,182.26,09/10/2024,East End,United Kingdom
XP20124707,Keyboard,9.27,164.36,08/19/2024,Louisville,United States
AF09158111,Cooling Fan,3.69,102.57,01/22/2024,Kissimmee,United States
AM27030119,CD/DVD Drive,7.15,300.63,06/30/2024,Las Vegas,United States
DK95540789,Cooling Fan,6.52,329.57,04/26/2024,Oakland,United States
KZ64048078,Mouse,6.33,204.74,08/18/2024,Waterbury,United States
IT39337255,Keyboard,6.35,39.32,08/08/2024,Memphis,United States
HY42596154,GPU,8.65,297.88,04/12/2024,Alexandria,United States
AW46110639,USB Hub,9.04,226.95,01/22/2024,New York City,United States
LA15972632,Motherboard,5.57,394.88,06/21/2024,Albuquerque,United States
EA91501694,Ethernet Cable,7.09,369.91,09/26/2024,Kansas City,United States
LP50059846,Ethernet Cable,1.71,103.75,11/17/2023,Sacramento,United States
XK33281049,Microphone,7.91,114.79,07/09/2024,Seattle,United States
NE05334952,GPU,1.91,244.9,09/06/2024,Dean,United Kingdom
FM96871210,Ethernet Cable,9.38,154.1,08/12/2024,Simi Valley,United States
QL61850818,Monitor,3.35,123.29,09/13/2024,Las Vegas,United States
EL93446150,Mouse,9.01,379.14,08/12/2024,Hagerstown,United States
PL03620158,CPU,8.13,204.89,08/10/2024,Dallas,United States
MX69908512,Power Supply,2.21,82.69,03/11/2024,Fresno,United States
KW32279634,RAM,7.51,370.33,05/02/2024,Austin,United States
PG72979877,External Hard Drive,4.31,382.8,01/03/2024,Winston Salem,United States
TA84633630,External Hard Drive,8.97,159.01,08/31/2024,Dallas,United States
KC19609274,External Hard Drive,2.04,308.41,12/17/2023,Whitchurch,United Kingdom
GU07152030,Power Supply,6.36,210.24,01/27/2024,,United States
OU77636420,Wireless Adapter,6.69,141.89,02/21/2024,Sheffield,United Kingdom
XU63009455,RAM,5.97,,03/28/2024,Fresno,United States
LN17719683,USB Hub,2.34,,11/18/2023,Denver,United States
SX65756435,RAM,4.89,382.83,08/27/2024,Richmond,United States
GR16910929,Power Supply,1.8,330.64,08/26/2024,Santa Fe,United States
JZ01785936,Case,4.02,33.07,06/04/2024,Kassel,Germany
GQ11430071,Power Supply,2.33,116.36,08/30/2024,Normanton,United Kingdom
ZW10371127,RAM,7.27,396.7,09/19/2024,Washington,United States
WR92641478,GPU,3.84,361.81,12/09/2023,Shreveport,United States
JL84218434,GPU,8.54,127.06,08/19/2024,Carson City,United States
HT27669332,SSD,2.57,22.71,03/08/2024,Marston,United Kingdom
RP63140687,USB Hub,4.7,117.87,10/02/2024,,United States
QA45400989,Ethernet Cable,5.9,30.26,01/25/2024,Huntington,United States
HQ49030268,Headset,8.32,342.78,11/26/2023,Midland,United States
ON22325837,Mouse,1.98,72.43,06/14/2024,Honolulu,United States
PN26484374,CD/DVD Drive,6.62,98.24,10/15/2024,El Paso,United States
OC08636613,Headset,3.91,112.51,12/17/2023,Philadelphia,
QC31930011,Power Supply,4.17,166.45,08/20/2024,San Diego,United States
UP54200183,Mouse,2.52,45.85,10/14/2024,Lincoln,United States
KX83966582,Wireless Adapter,3.51,191.56,01/11/2024,Miami,United States
LT30763356,Cooling Fan,7.47,25.53,02/16/2024,Charleston,United States
UW68492985,Wireless Adapter,4.01,254.17,10/19/2024,Kansas City,United States
JE34409118,Mouse,5.11,307.01,03/16/2024,Bochum,
TR67456761,GPU,1.81,,06/19/2024,Murfreesboro,United States
QF56003685,Power Supply,3.01,97.9,11/20/2023,Waco,United States
VS50347524,Webcam,7.03,111.11,09/29/2024,Trenton,United States
XU13115162,Cooling Fan,4.84,282.36,01/15/2024,Wichita,United States
HD00136837,Webcam,1.97,41.94,04/24/2024,San Antonio,United States
UK99361686,Cooling Fan,2.53,222.65,12/04/2023,,United States
OF10962394,SSD,5.36,181.41,10/09/2024,Los Angeles,United States
DX32790784,Motherboard,1.77,282.68,01/16/2024,,Germany
MV56499737,Ethernet Cable,4.53,211.89,03/26/2024,,United States
YL83295654,HDD,3.93,396.81,02/15/2024,Wichita,
XH96831718,Power Supply,7.67,206.06,07/17/2024,New York City,United States
JB73649734,Motherboard,1.53,313.08,03/14/2024,Roanoke,United States
FL84112414,USB Hub,1.51,237.57,03/19/2024,Las Vegas,United States
XV92105070,Keyboard,1.75,,08/12/2024,Columbus,United States
NL79256386,HDD,4.79,376.46,09/09/2024,Amarillo,United States
NL30296705,RAM,7.48,281.6,03/30/2024,Portland,United States
ZT40173354,Cooling Fan,7.47,270.01,03/25/2024,Aurora,United States
AJ63352230,Cooling Fan,1.43,77.27,07/18/2024,Saint Louis,United States
YS38241803,SSD,9.69,347.22,03/08/2024,Toledo,United States
BG51621976,Cooling Fan,5.36,93.2,12/02/2023,Brooklyn,United States
DV52599534,Wireless Adapter,7.91,115.58,11/27/2023,,United States
WU70598209,USB Hub,7.63,284.84,05/20/2024,Corpus Christi,United States
KM73634758,Cooling Fan,5.89,262.36,04/18/2024,Akron,United States
DN88806601,Keyboard,2.13,139.62,09/20/2024,Washington,United States
IV94003984,Keyboard,8.03,223.8,10/09/2024,Lawrenceville,
IJ77003007,External Hard Drive,5.78,217.98,06/22/2024,Los Angeles,United States
ZT05368049,Wireless Adapter,8.6,72.21,01/31/2024,Marston,United Kingdom
CS62776236,RAM,3.36,136.54,08/02/2024,Oklahoma City,United States
VH48254557,Motherboard,3.7,62.87,11/06/2023,Sparks,United States
JN52479607,GPU,7.2,36.78,08/01/2024,Norwalk,United States
UQ81705040,Mouse,4.62,391.29,03/18/2024,Atlanta,United States
GH59892115,RAM,7.08,50.2,04/11/2024,Houston,United States
VP69370501,External Hard Drive,9.85,262.51,10/16/2024,Salt Lake City,United States
VJ14288260,External Hard Drive,5.98,213.9,05/12/2024,Rochester,United States
YD93795248,Wireless Adapter,7.17,21.38,12/22/2023,Fullerton,United States
FC52381457,Headset,7.2,59.13,08/17/2024,Portland,United States
YZ49923702,HDD,5.9,322.8,08/09/2024,Würzburg,Germany
XX96705656,CPU,5.06,270.51,03/22/2024,Mesa,United States
XB20715845,Cooling Fan,8.88,350.77,08/23/2024,Kiel,Germany
SV03751987,Headset,7.67,257.51,08/15/2024,,United States
XN17580884,Cooling Fan,5.66,309.23,08/27/2024,Boca Raton,
CK17760042,GPU,5.23,96.01,09/14/2024,Washington,United States
HX55289329,Mouse,1.59,376.28,05/24/2024,Salt Lake City,United States
KV26623354,Case,5.02,190.45,03/04/2024,Charlotte,United States
ZK40258480,SSD,3.38,339.3,05/24/2024,Arlington,United States
BA43084394,USB Hub,3.29,66.2,02/09/2024,Lexington,United States
YM48268074,USB Hub,5.06,120.27,07/20/2024,Billings,United States
MB25274434,GPU,9.81,254.08,12/03/2023,Bielefeld,Germany
QY52048181,GPU,6.99,197.23,05/26/2024,Albany,United States
LW45055361,Case,1.25,221.48,04/10/2024,Grand Rapids,United States
BV64272424,Mouse,6.76,337.89,03/03/2024,,United States
GF67426495,HDD,1.8,145.63,12/27/2023,,Germany
CK12569987,CD/DVD Drive,5.31,381.49,12/07/2023,,United States
KQ48364716,SSD,6.1,163.37,05/03/2024,Denver,United States
DB19069105,Cooling Fan,5.09,147.33,02/02/2024,Erie,United States
PK57261274,USB Hub,1.25,261.96,06/28/2024,Seattle,
RN25933162,Wireless Adapter,1.07,23.42,08/18/2024,Lafayette,United States
JW26136775,Keyboard,9.99,242.26,04/22/2024,Staten Island,United States
QI03417172,Wireless Adapter,3.58,302.15,10/05/2024,Durham,United States
GR80378089,Microphone,1.7,288.76,02/01/2024,Berlin,Germany
VG69399908,Cooling Fan,5.52,72.53,11/12/2023,Lancaster,United States
SE29119563,Mouse,5.28,396.36,10/21/2024,München,Germany
KX66426652,Wireless Adapter,7.19,,05/25/2024,Asheville,United States
RW21367951,Mouse,5.17,255.67,04/30/2024,Charlotte,United States
WZ09565904,RAM,4.35,332.02,01/19/2024,Birmingham,United States
WK12867148,Cooling Fan,6.08,179.07,02/18/2024,Albuquerque,United States
DN63505154,Microphone,2.27,199.57,02/01/2024,Charleston,United States
ES45585301,Headset,1.29,179.16,03/02/2024,Salinas,United States
WJ90967792,External Hard Drive,9.94,283.32,07/30/2024,Murfreesboro,United States
XG72918306,Keyboard,9.11,,12/26/2023,Kissimmee,United States
HO10576541,External Hard Drive,5.89,269.85,06/23/2024,,United States
LL88705457,Keyboard,8.42,59.44,05/12/2024,Knoxville,United States
YL82322167,Mouse,5.11,177.82,11/01/2023,Kansas City,United States
RQ58536492,External Hard Drive,7.01,301.82,02/29/2024,Dillenburg,Germany
JD10988798,Power Supply,4.8,213.45,10/09/2024,Grand Forks,United States
YS92090315,Case,1.43,187.31,04/14/2024,New York City,United States
NU61244769,USB Hub,1.44,42.77,08/15/2024,Miami,United States
IF88920605,USB Hub,5.76,140.45,06/29/2024,Langley,United Kingdom
WC80123907,Power Supply,3.65,189.68,03/24/2024,Seattle,United States
DB57903437,GPU,5.62,315.05,05/25/2024,Edinburgh,United Kingdom
VZ47477443,Keyboard,4.03,136.92,12/02/2023,Jamaica,United States
KE91140110,SSD,6.89,226.69,09/22/2024,Sacramento,United States
RR36756869,GPU,6.59,85.77,07/26/2024,Silver Spring,United States
XD88021912,Mouse,2.68,338.15,12/09/2023,,United States
FT29623884,RAM,6.3,86.43,11/04/2023,Vancouver,United States
XT95576199,USB Hub,7.12,99.29,10/27/2023,Tyler,United States
UO34060921,Monitor,6.69,361.96,08/30/2024,Memphis,United States
GZ76805955,Keyboard,2.44,47.27,02/26/2024,El Paso,
VR07159519,Cooling Fan,5.31,218.03,09/13/2024,,United States
DG61837298,Motherboard,5.23,200.69,06/10/2024,Tuscaloosa,United States
